grid_id,grid_area_ha,selected_crop_area_ha,selected_crop_intensity,retained_for_clustering,prop_winter_wheat,prop_winter_barley,prop_spring_barley,prop_beet_sugar_beet___fodder_beet,prop_maize,prop_oilseed_rape,prop_potatoes,prop_pulses___field_beans_and_peas
g0004,1145.437582555047,591.3181261125885,0.5162377550015225,True,0.5880364520740049,0.12648537001806903,0.0,0.0,0.0,0.11090866761744997,0.0038067021533578628,0.1707628081371182
g0005,5499.440293511151,3770.6451183233166,0.6856416138879335,True,0.5247247392789747,0.1469022839931163,0.09632290003548294,0.0,0.0,0.0735107774803563,0.006482274966728845,0.15205702424534095
g0006,248.8802331916593,147.10538869253577,0.5910689925272286,False,0.7949292700440901,0.0,0.04162444300435537,0.0,0.0,0.09948336927723912,0.0,0.06396291767431532
g0007,2175.1778037964555,914.4607086508187,0.4204073373012362,True,0.4108962495877117,0.08032931693722255,0.11375669890482688,0.04570477385861795,0.012703348293690506,0.15298032116642601,0.019265095974904497,0.16436419527659993
g0008,5036.928746195714,2357.737714344462,0.46809034495975577,True,0.4849991867819004,0.1406897221465994,0.08141066868253863,0.09430228073241806,0.004196488124819973,0.08493471670957921,0.022521402784203292,0.08694553403794093
g0015,892.1175428298613,159.65575988125326,0.17896269517894878,False,0.28533652194668496,0.13537155657948705,0.5384157851269037,0.0,0.0,0.0011092308921847862,0.0,0.03976690545473956
g0016,8692.86868313725,4501.556780580686,0.5178447926301905,True,0.6166766616950825,0.06793533713182268,0.08521625864053797,0.006089578564182305,0.009322932606787968,0.11603762625653594,0.009141267520774826,0.08958033758427586
g0017,10000.0,6900.219328642274,0.6900219328642274,True,0.5707089432057589,0.131647098635226,0.0988342370874269,0.0,0.006512182718063748,0.0851384325048768,0.0,0.1071591058486475
g0018,8702.599455213378,5396.908905312459,0.6201490638615325,True,0.6886998018437628,0.054963825462896014,0.10599793216520952,0.0036421526338907798,0.007220147791724543,0.06003750815472082,0.0034585130729161296,0.07598011887487945
g0019,9767.214265205008,2844.6243359520986,0.29124213503597096,True,0.5427137111343051,0.08882941045388813,0.1286713462460645,0.04061573147874804,0.03675553670645983,0.02579935848851546,0.04038628025310236,0.09622862523891659
g0020,8765.668668096037,4182.499691568029,0.4771455378858732,True,0.5047894120332725,0.09864745541970556,0.108834574408284,0.06726466061910821,0.008649974431778385,0.10403218408822872,0.04712414683076944,0.06065759216885318
g0025,297.3950955598039,206.26444010997432,0.693570415886351,False,0.4970859307437442,0.06139542871335496,0.1258786290913066,0.1238388675685318,0.012602090370377171,0.0,0.0,0.1791990535126852
g0026,3057.308102833063,2479.617657407716,0.8110460490095752,True,0.582791324218483,0.07367978947660173,0.10828433863016075,0.044432412411432,8.308399072016262e-05,0.09477989481968992,0.0,0.09594915645291248
g0027,8914.31010266768,5774.77889530983,0.6478099627229347,True,0.5313091329763394,0.15835776092825418,0.09783257302397973,0.0,0.017431668720284003,0.12531052457433006,0.0,0.06975833977681266
g0028,10000.0,6531.506588127936,0.6531506588127937,True,0.6143434313722702,0.07801284789954331,0.07493748765627062,0.0,0.010506174244200504,0.1573511658920836,0.0014672508610326725,0.06338164207459894
g0029,10000.0,4589.426142848564,0.45894261428485644,True,0.6015034663663679,0.10624441285870168,0.09293804198659111,0.0028335788046538538,0.00474096611166783,0.10109672444945729,0.005340482111303432,0.08530232731125689
g0030,10000.0,5704.661533582466,0.5704661533582466,True,0.47594646127620965,0.06668806317644159,0.07556136238212847,0.05840325005134223,0.046529465709005985,0.09046007005934367,0.03757009000558202,0.14884123733994642
g0031,9995.635239873554,5134.231934495343,0.513647388213447,True,0.489172269789287,0.06135652386379893,0.09801387454844311,0.09602160039696517,0.03292209635160194,0.03309336716555072,0.07320783577159472,0.11621243211275817
g0032,8708.436672061216,5899.820424273084,0.677483301130402,True,0.4825168943473609,0.06089970047551019,0.08976331047057695,0.07936421504555394,0.04009220043620833,0.09582922157503761,0.042435502867060125,0.10909895478269194
g0037,221.71389100706008,179.924087961801,0.8115147280333087,False,0.4840979512100431,0.0,0.2545262300877966,0.06949859334141227,0.0,0.0,0.0,0.19187722536074797
g0038,9021.358159497786,5997.774737423308,0.6648416603556289,True,0.5913681316102544,0.14605331404897473,0.0760961389903576,0.043800194151017414,0.00033783637352847285,0.04748163741878872,0.00974886820698881,0.08511387920009009
g0039,10000.0,5951.472990478768,0.5951472990478768,True,0.5864292467684841,0.11275054676854826,0.06632604895424961,0.0,0.0,0.17138201858372307,0.0,0.06311213892499504
g0040,10000.0,5777.107098953869,0.577710709895387,True,0.5264480430111177,0.10803937357395174,0.1019294291414567,0.009680935045047275,0.008352487170972872,0.12567535340396122,0.0,0.11987437865349237
g0041,9980.836567746248,4195.218292162476,0.42032732062957623,True,0.5897745518697181,0.056979441988491114,0.15634614955703796,0.0007356703519112752,0.018476936866988515,0.10319687354207727,0.01960345014805272,0.05488692567572306
g0042,10000.0,7676.223104801139,0.7676223104801139,True,0.5403637794482458,0.054063762309543933,0.09501283134283837,0.08269170461471649,0.054174822126987925,0.035546504819810615,0.061568348731063545,0.07657824660679327
g0043,10000.0,7909.444930915189,0.7909444930915188,True,0.5027571687674396,0.05470709240471118,0.0656254984172725,0.1117371889639221,0.04670491853547667,0.03769480976833807,0.06408598050859174,0.11668734263424808
g0044,9585.72370179426,7167.272518905469,0.74770280699452,True,0.5248365421715422,0.03909867071982518,0.0745361442169417,0.05585283471029649,0.11216584977259803,0.10156644084302732,0.024294009093323573,0.06764950847244539
g0045,1047.2353006856144,598.8986749987819,0.5718854918342505,True,0.5024182505572029,0.1628082956976292,0.005617576375599799,0.07945517616116389,0.029003022062557327,0.0023607873568604405,0.06958400850718581,0.14875288328180059
g0049,901.9316932549028,548.0610116523293,0.6076524594390065,True,0.6571475276222638,0.12320988088096824,0.03233794955683967,0.0,0.0,0.15779338914360244,0.0,0.029511252796325847
g0050,9012.522226270223,5301.136026232075,0.5881967215326267,True,0.5666199772185452,0.10454275987153486,0.08159998639103365,0.08804694214735354,0.0,0.039069350574713224,0.03446938568016622,0.08565159811665315
g0051,10000.0,3554.5131233578645,0.3554513123357865,True,0.4958047378762506,0.11828120228879842,0.06679700820202321,0.07462656365244956,0.014171221322870868,0.12676277196960803,0.009315485408117606,0.0942410092798817
g0052,10000.0,3754.7302271769795,0.37547302271769795,True,0.5017177930698001,0.24291629765547745,0.09660007582712711,0.022124465734775375,0.031785889408788535,0.03321713542829767,0.0,0.07163834287573377
g0053,9985.77899432763,5686.653582610594,0.5694752092792028,True,0.5806165214460967,0.0486153849592667,0.05793679488290142,0.05374547180058615,0.06724295776525811,0.015230580572999843,0.05890141093392637,0.11771087763896486
g0054,9978.128289827286,5301.71447083115,0.5313335644557963,True,0.4686872781339983,0.04972894193636612,0.03655770419477136,0.1693385602474326,0.12440027585298943,0.012636877852009879,0.08499577357453252,0.053654588207899645
g0055,10000.0,6435.838309372205,0.6435838309372205,True,0.5014424605272522,0.03787531722382893,0.056498273461428154,0.09734315298577467,0.11194900535080508,0.03925705202688792,0.07445267618274726,0.08118206224127596
g0056,9974.358888561434,5727.989268378728,0.5742714225921397,True,0.4813298896532039,0.0488761164228561,0.0874911824303637,0.13373111173164226,0.057671402418584095,0.042712143937265294,0.09805274323686611,0.05013541016921863
g0057,7526.468845268139,3958.908755635681,0.5259981589008544,True,0.6017410174622335,0.05275324562194256,0.05104855088528376,0.09406221285653919,0.022859832577587294,0.012638101432277908,0.10325678556416147,0.06164025359997437
g0062,4769.339420246117,2761.98584608992,0.5791128713475776,True,0.5484270517931457,0.12720249027716019,0.11299481817006754,0.046787147328297626,0.0,0.07430156929593763,0.0,0.0902869231353912
g0063,10000.0,6486.178882339001,0.6486178882339001,True,0.48424280630386524,0.18101003416448191,0.13240939974458374,0.09491272465814034,0.007228851615969416,0.027739705005730954,0.0025309824773587187,0.06992549602986971
g0064,10000.0,5484.15586793618,0.548415586793618,True,0.5086064890520671,0.10700575065272698,0.07851757436385128,0.12482672463510588,0.030458598423909106,0.0216670259687708,0.07097413574481952,0.057943701158749236
g0065,10000.0,5192.569321172789,0.519256932117279,True,0.5071692828529388,0.1277558119765857,0.037275873516633105,0.07342277948522737,0.08832096355390896,0.03992069143801489,0.0741793178124527,0.0519552793642386
g0066,9995.485687485228,6356.502217292755,0.6359373037021467,True,0.49960583313964074,0.0409801419588309,0.04222862676913065,0.1690368201920791,0.061612915159654294,0.018618135863026554,0.1225030043575431,0.04541452256009451
g0067,9965.99363397574,7219.5898596608395,0.7244224835793642,True,0.5908742446597989,0.01996418986382241,0.020980376129187555,0.11728140589396095,0.03883574114327793,0.06096619296992697,0.11293586657323218,0.03816198276679303
g0068,9970.379247836065,6604.400348855886,0.6624021197878989,True,0.49805521933997143,0.05857834083340982,0.11186804020285983,0.10600071303504062,0.05474045923723642,0.011933668019172172,0.061128292264222034,0.09769526706808768
g0069,9941.214272597386,7124.560822378275,0.716669073517194,True,0.5801374451764316,0.102426976366505,0.03938377734330352,0.09539778262258197,0.005985912485445685,0.03800257326335214,0.03255349691098011,0.10611203583140004
g0070,5251.277324092897,3802.619434203564,0.7241322823986308,True,0.57049630406924,0.032182972375406696,0.09792437324867864,0.1327673800703905,0.0028139719194182665,0.03366574849612975,0.05540595957795551,0.07474329024278054
g0074,7082.230445693341,3725.720361135846,0.526065960392666,True,0.4189355620925488,0.2002243688252699,0.21219068458284945,0.005484656302231718,0.002278538163870018,0.0676927666688897,0.0,0.09319342336434051
g0075,10000.0,5445.983510266722,0.5445983510266722,True,0.5720667730399507,0.13227795642140283,0.058808238132314575,0.018565150164807684,0.023622167772935798,0.11411305630616195,0.005732119095735397,0.07481453906669114
g0076,10000.0,2566.554862785495,0.2566554862785495,True,0.3921258405321274,0.16160447999302202,0.12190912111759411,0.13779392799669968,0.01699183641832952,0.07853888929943781,0.05553624819779946,0.035499656444990084
g0077,10000.0,5279.7967639706785,0.5279796763970679,True,0.4039592647238445,0.10172881988027452,0.09690936993260103,0.1910772822092674,0.053287032911297244,0.0,0.13249197030401025,0.020546260038704807
g0078,10000.0,6378.234404374396,0.6378234404374395,True,0.5004167807998077,0.026928906397204168,0.018431501937578344,0.16598139179638927,0.09485547112153553,0.03262878424800034,0.12472179631832479,0.036035367381159755
g0079,10000.0,5547.325416529641,0.5547325416529642,True,0.4466907352525616,0.01989814204410815,0.021384493437705727,0.13903312619414865,0.09560432289336387,0.0937938308383086,0.15354504967705615,0.030050299662747325
g0080,9957.242137463218,5534.466214640042,0.5558232026734709,True,0.4204332969585562,0.16449525947108412,0.108965372172465,0.1123862096972477,0.05828326170008031,0.044453479215786476,0.028872572426835035,0.06211054835794508
g0081,9921.294058008583,3948.8845062870805,0.3980211132941368,True,0.4761903991104155,0.1231370417125237,0.13926182009376997,0.10461991104325151,0.021392219381924437,0.030837058917135476,0.044373488063755795,0.06018806167722365
g0082,9534.091314772251,2965.5328375940903,0.31104514732298116,True,0.5107953663424335,0.14788434895824432,0.05871212904062288,0.17274352930644413,0.009085228200065232,0.025065422936142622,0.03736372315332806,0.038350252062719255
g0083,4686.020005531807,1431.6259611536755,0.3055099977088559,True,0.38190406789974624,0.14948375146541593,0.16943525458510464,0.14396497911844092,0.07676548769597999,0.04708710444724893,0.0197232073206613,0.011636147467402262
g0084,923.3275876420659,285.5902190486041,0.3093054110707619,False,0.1597044108602341,0.16933336354675202,0.2766176915862529,0.23318516240850512,0.0,0.025193232465726124,0.11981926517835913,0.01614687395417065
g0086,5933.815780303773,3810.6033240439465,0.6421842984564088,True,0.5689769442983867,0.13940975664689112,0.08698332934062127,0.009600776511273322,0.009802530352935778,0.10304794900710651,0.0,0.0821787138427852
g0087,10000.0,5841.919628579345,0.5841919628579345,True,0.4807060837785638,0.16496185354164902,0.17744047546992417,0.016287721309683364,0.00924942691128631,0.0953753860240826,0.0,0.05597905296481076
g0088,10000.0,6209.237176833275,0.6209237176833275,True,0.44650239692485727,0.14344526911087274,0.05818560538679218,0.10758491737274577,0.08517876015252229,0.08057118012533347,0.060179375846894693,0.018352495079981473
g0089,10000.0,2424.49835054548,0.242449835054548,True,0.1273577355897495,0.37541331100411035,0.09353295915443152,0.08299545234435529,0.054410209133790965,0.006398144612983297,0.2109668471620748,0.04892534099850418
g0090,10000.0,1593.4835168385607,0.15934835168385608,True,0.2973000297821444,0.16806712368095003,0.08542529956895338,0.21055690188791476,0.08378688504360084,0.0,0.10574563115342726,0.049118128883009204
g0091,10000.0,3335.7002343988634,0.33357002343988634,True,0.3887103213025588,0.12021384900315389,0.09119003863379553,0.16271943785879753,0.09020356969309123,0.005190922197681468,0.07680799288679353,0.06496386842412782
g0092,10000.0,5008.630923690904,0.5008630923690903,True,0.2846367835455158,0.1613014561222347,0.09439038699680725,0.12360673193898174,0.10992623212158084,0.09580548380586602,0.06576901083300765,0.06456391463600594
g0093,10000.0,4589.4048305074975,0.45894048305074975,True,0.24495820950556904,0.20725734261048054,0.1716897119621345,0.14299598612834916,0.09025175909351754,0.02116817675010909,0.08375704555616968,0.03792176839367036
g0094,10000.0,4535.631006184067,0.45356310061840666,True,0.1590040725956818,0.23498038345297984,0.24819812583676443,0.16558029800899443,0.04913623614515064,0.024846183160855954,0.06564440423373963,0.05261029656583344
g0095,10000.0,6461.451940509054,0.6461451940509054,True,0.20955347513744838,0.15379033666539135,0.25689725857105383,0.20501643856254934,0.03538230329006375,0.05183152651167005,0.037610880612849104,0.04991778064897422
g0096,5046.68434251973,2168.7697380468035,0.4297415076616365,True,0.28124304541679174,0.1055914973306041,0.20207103203328353,0.12237655969698112,0.09033304194721195,0.08469038026678999,0.08789602197828303,0.0257984213300544
g0097,549.3786916271757,247.301164754103,0.45014699063342767,False,0.5794731433265278,0.13340707074980743,0.28495808798668204,0.0021616979369828535,0.0,0.0,0.0,0.0
g0098,6446.126247100841,3339.124138418579,0.5180047691309734,True,0.5246911838944514,0.13886783936712355,0.12881490943499013,0.06441215582797442,0.005006746824873279,0.08968428739587174,0.0,0.048522877254715505
g0099,10000.0,5876.067513658337,0.5876067513658336,True,0.5571316862321216,0.11532594706546086,0.15122952359117386,0.0626412763218018,0.0014967593447874116,0.041036832046857055,0.000855392760183376,0.0702825826376139
g0100,10000.0,4415.206640726752,0.4415206640726752,True,0.49332777237545256,0.13061112794036348,0.06681288467573522,0.13223421310458666,0.04618505565637719,0.0213716646035628,0.07654831152980623,0.0329089701141157
g0101,10000.0,3014.1269076894882,0.30141269076894883,True,0.25164755730951216,0.35409399445566947,0.013450999507168451,0.11242048652951311,0.08229302540555168,0.07391076251238787,0.08562794323929554,0.026555231040901576
g0102,10000.0,892.5026568048025,0.08925026568048025,True,0.06267387229524206,0.31482010677961897,0.07502622640537833,0.1977388680689118,0.13724279636584136,0.0,0.16683492488153973,0.04566320520346779
g0103,10000.0,1244.1970131861017,0.12441970131861017,True,0.19665132684692058,0.30405535144816803,0.0848589102688666,0.2184870920643171,0.03476601119653178,0.04366630638069266,0.033776184645563895,0.08373881714893953
g0104,10000.0,4777.0479099993145,0.47770479099993146,True,0.36849460360539504,0.2013559844302026,0.08253548270370194,0.14943717346686491,0.05485892568370695,0.05645982533243944,0.03951294782970103,0.04734505694798796
g0105,10000.0,6758.889812054027,0.6758889812054028,True,0.3324812401327558,0.21221056436741473,0.0986015773235879,0.08817406230442694,0.08466827006365357,0.0654119599442549,0.05335218996525537,0.06510013589865085
g0106,10000.0,6544.858339483237,0.6544858339483237,True,0.33307796701224307,0.1466050996719441,0.1771400273654961,0.13515478712288145,0.05048043060561044,0.09388260607335745,0.023481150306771663,0.04017793184169574
g0107,10000.0,6490.121176457629,0.6490121176457629,True,0.2807018291992696,0.15591114875365822,0.14790158990363253,0.15861382796871423,0.038428852368891674,0.08724416784350605,0.0665940669284874,0.06460451703384032
g0108,5920.65681028912,2094.9560532503697,0.35383845414071013,True,0.13410407771022814,0.1573766871235858,0.2859646407337539,0.16044076136177024,0.06493457424858959,0.02809410554817324,0.11051914251399383,0.05856601075990528
g0109,6309.317327808437,2687.992357432505,0.42603537241424316,True,0.5382260276995141,0.11334087119784118,0.04138109874009159,0.0736271984560443,0.029769186230528807,0.048256148006141475,0.024583383934247333,0.13081608573559106
g0110,10000.0,6098.493948973095,0.6098493948973095,True,0.5433098116021712,0.13653196461020287,0.11644032008174653,0.04186910753125396,0.011041021639739055,0.07683291421115163,0.007825520461015078,0.06614933986271988
g0111,10000.0,6967.251172270512,0.6967251172270512,True,0.5394469460412601,0.09621044771718022,0.16028793563186333,0.0625807345896731,0.01153773422466193,0.059307860470892794,0.0018884366044256949,0.0687399047200427
g0112,10000.0,5219.414298677846,0.5219414298677846,True,0.5224775633963833,0.14816540560537306,0.040279387987258615,0.07555908250441067,0.014623217308938312,0.11118122634867848,0.03758857570977432,0.050125541139183376
g0113,10000.0,5570.051717126329,0.5570051717126329,True,0.3719656840406343,0.19471129876379675,0.08718413738205696,0.11946474354834531,0.0906950442002956,0.029195099738252954,0.02656446341763387,0.08021952890898439
g0114,10000.0,2215.9353437903496,0.22159353437903495,True,0.24131918825796483,0.24730519395839967,0.09246263886570913,0.0834266759491831,0.11508637923245454,0.0,0.14872268568672736,0.07167723804956151
g0115,10000.0,3991.2679939902455,0.39912679939902457,True,0.35193878302103554,0.1724055639810255,0.10868204766357069,0.15983934496431243,0.06997415688147343,0.026743531388269133,0.06556594859136448,0.044850623508948737
g0116,10000.0,5717.061723145047,0.5717061723145047,True,0.4345592296007974,0.16089618242616208,0.05897693505273859,0.05345627346739136,0.09236799117405878,0.12858369370150066,0.02034556400648069,0.050814130570870426
g0117,10000.0,4747.143467066342,0.4747143467066342,True,0.4611453626072479,0.1946165384798407,0.07932598219018212,0.030081703802359014,0.02154156968464244,0.09744510270042937,0.003470657012173757,0.1123730835231247
g0118,10000.0,5179.201726852973,0.5179201726852972,True,0.39567008324483777,0.1407296012730487,0.11976609166011758,0.06398016528554896,0.08175181718672454,0.13555091422959287,0.012468020572516066,0.05008330654761353
g0119,10000.0,6459.0480486574115,0.6459048048657412,True,0.32262178420922744,0.16272263520781724,0.11537973718666833,0.1050462339865721,0.07517615424800037,0.10545765679119908,0.05969529482433693,0.05390050354617858
g0120,5146.287419980647,2210.3010302659955,0.4294942839151233,True,0.1956419113301152,0.1899342462568912,0.23413157103139215,0.11943987420186997,0.03505087564169751,0.08765581593716888,0.1149780965088631,0.023167609092002116
g0121,6189.76518252277,2512.6324313024975,0.4059334008981615,True,0.46691947200284,0.235579861502694,0.0896937648734977,0.07305210156967079,0.0019660287217363897,0.028553436787163343,0.029460753705072718,0.07477458083732486
g0122,10000.0,6380.965866291621,0.6380965866291621,True,0.5307676702184986,0.0873572182518903,0.1199816005534465,0.05277953197283306,0.014268054181776338,0.07468688341674096,0.0028143014049173834,0.1173447399998968
g0123,10000.0,5967.82698743734,0.596782698743734,True,0.5852498034677884,0.06267047504046538,0.13479178196979988,0.08226728115213024,0.0006016132340187279,0.062041215413520014,0.0023381881315787416,0.07003964159069855
g0124,10000.0,7098.4703680017465,0.7098470368001747,True,0.48861330470303227,0.14428934738579538,0.07395359623035938,0.09617284771848535,0.015204706557067465,0.08659459542167763,0.002535219925894269,0.09263638205768815
g0125,10000.0,6063.876063960776,0.6063876063960776,True,0.5048713912489483,0.13199392757907702,0.15886932221238123,0.0690565222886435,0.007319864576182307,0.07850389757522232,0.0005228422214882748,0.0488622322980571
g0126,10000.0,5801.200129319588,0.5801200129319588,True,0.4980159821941873,0.16172040098814308,0.03893535960703204,0.09019994868039966,0.11540897391339729,0.04715208811076913,0.013760203924271191,0.03480704258180028
g0127,10000.0,4986.639210613708,0.4986639210613708,True,0.394512256680706,0.1505662800831159,0.11550103750377168,0.07962235024732629,0.08812384218771538,0.10308730963370202,0.024747107351447372,0.04383981631221554
g0128,10000.0,5628.049065978998,0.5628049065978998,True,0.4361827202090844,0.1930256689084413,0.06504177836164417,0.03532702960655025,0.09910241781351341,0.09703780502910644,0.01698078666713445,0.057301793404525646
g0129,10000.0,4981.312033286923,0.4981312033286923,True,0.3852705437110187,0.20993215545988927,0.103541834369326,0.05746493220923915,0.0722884581969554,0.10419910098945746,0.010089015568043924,0.057213959496070006
g0130,10000.0,6335.16056320976,0.633516056320976,True,0.3529235259650815,0.13058046139329693,0.12083013607270801,0.13412013734370068,0.05290410808154381,0.11363423173245611,0.017304788373231822,0.07770261103798126
g0131,10000.0,4959.5434550916725,0.4959543455091672,True,0.2378447799786001,0.20055102182060633,0.18105083872996625,0.16359295500549292,0.05705730611041483,0.08246224940383538,0.04066521766171132,0.03677563128937305
g0132,5022.197034749578,2014.5383028971373,0.4011268950537279,True,0.15666860923768733,0.25680897965000204,0.21622806461293717,0.19023584378923936,0.025170699152187233,0.05339705802957794,0.07089857636036827,0.0305921691680005
g0133,6339.4748446289805,2743.922812778259,0.43283124864877476,True,0.3995778864116258,0.10948277338013862,0.1530037420248825,0.08361039489953659,0.02223436083932622,0.02918206280942098,0.08076342490219815,0.12214535473287139
g0134,9785.615767771593,2628.7157432690083,0.2686305906191968,True,0.4316082704431572,0.2206854251771812,0.07184162924779745,0.05986278047945588,0.003920259435761295,0.09581566010237753,0.028854504891466213,0.08741147022280321
g0135,10000.0,6133.600388999888,0.6133600388999888,True,0.6077690168199172,0.12996609441093898,0.06140055156683963,0.047582944720550746,0.008506158568306771,0.06807177746739836,0.0037084070350486315,0.07299504941099966
g0136,10000.0,7137.30256962988,0.713730256962988,True,0.54417381610326,0.12567454448704024,0.09044076583367214,0.06800201670215428,0.0018189659386755861,0.1032916111452998,0.0004980972638972196,0.06610018252600079
g0137,10000.0,5842.027594879233,0.5842027594879233,True,0.5230895951018624,0.1635519193473633,0.06123894630929416,0.07152282358953856,0.025541236658689816,0.10335232035822872,0.01941970272508698,0.03228345590993602
g0138,10000.0,6307.351731551397,0.6307351731551397,True,0.47222084351402444,0.148197048033196,0.07586202213942804,0.05397763094813011,0.044543737040675,0.12002696830547024,0.006693082446228683,0.07847866757284741
g0139,10000.0,5780.925846631968,0.5780925846631968,True,0.49770864563327044,0.1741380472789603,0.08081982009928773,0.04134743829365196,0.03209321827873248,0.13809755386104638,0.0020493202360878605,0.03374595631896276
g0140,10000.0,3946.106830911864,0.3946106830911864,True,0.38420705897317486,0.21194636770720768,0.11324322116063307,0.03355893436438696,0.06491847678109736,0.14068746757116393,0.02564700090044163,0.02579147254189435
g0141,10000.0,2551.7926017790646,0.2551792601779065,True,0.20035312709601083,0.2646521895447403,0.09468265753413212,0.11412767446809943,0.11513837932311326,0.11290633860225704,0.06322233301556503,0.03491730041608193
g0142,10000.0,5198.224634516668,0.5198224634516668,True,0.20192424802275946,0.24501783477534572,0.13104532321143725,0.1523823990386445,0.010437531226357119,0.11849327999106807,0.07867081726147597,0.062028566472911856
g0143,10000.0,6326.38390054306,0.632638390054306,True,0.3067110470074187,0.1417023573153248,0.15579272869891217,0.14197046930273985,0.008731922701868986,0.11011577940611904,0.0818186377366123,0.05315705783100425
g0144,3467.010681524045,965.3188389431006,0.2784297273981172,True,0.15832508659958314,0.2623605718278507,0.24580346681269777,0.25512817960305467,0.0,0.026383480424109707,0.030087603094204288,0.02191161163849974
g0145,5673.733199568551,2073.8628075659803,0.3655199732908984,True,0.4985794786985256,0.13504758051284632,0.06425845730079781,0.09705966840770505,0.016488753840503304,0.028604974828061635,0.07451063198963492,0.08545045442192531
g0146,9447.061626980158,2589.3324673973884,0.27408866054207087,True,0.3042489728668572,0.15740261002459235,0.04325514379194361,0.13462766686716246,0.035589015831645025,0.027153840813984583,0.1501353454948185,0.1475874043089964
g0147,9985.695576317565,5310.85227524416,0.5318460025798872,True,0.5280377825013852,0.16248697229182116,0.03775089611062679,0.07569483919873596,0.008356644445907457,0.11046095125957393,0.003814475984278313,0.07339743820767135
g0148,10000.0,7312.139645537668,0.7312139645537667,True,0.5912544469977263,0.04188133105336179,0.0693253516805294,0.06440467948865357,0.016113151378770254,0.12608938937148131,0.0,0.09093165002947744
g0149,10000.0,7368.142986049972,0.7368142986049973,True,0.5875597997844275,0.10802688351134916,0.050921169469583236,0.06033618442357085,0.032388350437187935,0.08542605192945747,0.0,0.0753415604444236
g0150,10000.0,6037.528254973328,0.6037528254973328,True,0.5501903024890321,0.12976367676387815,0.06372024436883741,0.047493781594217674,0.029393229045714706,0.09692464304200282,0.0,0.08251412269631721
g0151,10000.0,5568.696288452468,0.5568696288452468,True,0.53793914706,0.11620758548790713,0.08059116492472905,0.04487772825542913,0.028390979892525512,0.12864176405092118,0.0013967508824111825,0.06195487944607688
g0152,9933.81255187404,2950.839939678819,0.29705009272820787,True,0.4004622866714305,0.14206082873488357,0.1418234375162443,0.10293511898598194,0.04761924541082933,0.08284865535658116,0.04172541059034012,0.04052501673370893
g0153,10000.0,3442.93972636725,0.344293972636725,True,0.13528072727897825,0.2723993245002484,0.21925250721287515,0.11978615512725105,0.034172338460745265,0.09418029746522552,0.10627472713618874,0.01865392281848775
g0154,10000.0,5967.224054877999,0.5967224054877999,True,0.30681305762835326,0.1904164253213046,0.1188388084636045,0.14742651843098178,0.035775348861626574,0.07227594916906482,0.09395371663153317,0.03450017549353135
g0155,9601.305080960472,6086.1488066321635,0.6338876595746432,True,0.28777768815329785,0.1764730288347858,0.16681715605360886,0.17690894226737994,0.007445557021931385,0.08028601527730049,0.06292569494372736,0.041365917447968345
g0156,1064.3231492533857,198.3799191380217,0.18639068339083262,False,0.2606750144753168,0.18546925651580057,0.3155314685376597,0.10579431963498195,0.0,0.04040510371983107,0.09212483711640994,0.0
g0157,1681.9701294830572,832.944613794521,0.4952196232227508,True,0.5189519958300137,0.10304740147941946,0.03043982663744207,0.1076072512430679,0.12811623153195215,0.06827322105665659,0.026572886938786722,0.016991185282661244
g0158,8086.352376781066,2867.530273093658,0.3546135685760377,True,0.21400795243728896,0.23436279795732995,0.08159728114499472,0.11036249232322377,0.1029337387605339,0.020591368400388797,0.1422298501632472,0.09391451881299256
g0159,9927.480194987353,3385.9548523578933,0.3410689103230396,True,0.2984079835420593,0.13852298502871388,0.03988574403125663,0.09522368623424253,0.161922420941515,0.05351264994616171,0.13170367254417806,0.08082085773187296
g0160,10000.0,6308.9990614797425,0.6308999061479742,True,0.4850761306726949,0.14226228276510194,0.10734879426959461,0.04865830723596078,0.009802310710663705,0.09202256193467458,0.01455868644500286,0.10027092596630656
g0161,10000.0,5715.197483425311,0.571519748342531,True,0.514328104412114,0.063767449527633,0.11165434354431812,0.03103589252973198,0.023628838856938554,0.11875920271229677,0.002778005928244824,0.13404816248872295
g0162,10000.0,6489.923658814227,0.6489923658814226,True,0.541109338549201,0.10595868874761383,0.08563104664819995,0.041064112409858494,0.019220728027638183,0.14535082652507875,0.0,0.06166525909240977
g0163,9979.009006377142,5099.130063064829,0.5109856158869284,True,0.40248375921147084,0.1375200572325809,0.1086543359886436,0.033805107939689195,0.0656335023546804,0.13935414859090653,0.02103493230851568,0.09151415637351272
g0164,9867.12125297924,4832.31916194267,0.4897395134861263,True,0.3197330143023289,0.1666250222233989,0.1470744175348331,0.15842157042122612,0.03851103403423037,0.08998760738365932,0.0350191703758746,0.04462816372444871
g0165,9901.356549159036,4739.595527116375,0.47868143153767434,True,0.32890578845785895,0.18747201173669042,0.10366169074258773,0.17913891443486318,0.00784891545334864,0.06052247889234539,0.0765282636123539,0.055921936669951745
g0166,9993.540354639566,5926.80806925726,0.5930639051760771,True,0.23732179455502703,0.1734757292959906,0.15208235632344666,0.16099354268248459,0.1272936006175839,0.03186526797204262,0.08593921733278027,0.031028491220644328
g0167,3748.373067027328,2549.8486632200425,0.6802547712365826,True,0.2949196333044838,0.14653246114720056,0.18678107075329345,0.20155485663314765,0.0,0.02663885116455615,0.09741139329561478,0.04616173370170374
g0170,1129.1384434480751,234.64150662594398,0.20780579032400492,False,0.25315194677129027,0.14452107729412947,0.1848098116284468,0.144048936508378,0.0,0.07568613288436066,0.1244579192924963,0.07332417562089835
g0171,5702.30818769891,1061.4126043211631,0.18613736216693016,True,0.08612250796820049,0.3103768103758359,0.096636130382869,0.10925754459738765,0.11120302291332818,0.0005862754977736536,0.12908006779150835,0.1567376404730967
g0172,7732.655691076616,2738.0984376883985,0.3540954811744856,True,0.4413866104400218,0.12725708141730083,0.10889197108566193,0.027094086423457227,0.0313872641469797,0.09929716282351275,0.05689246332881271,0.10779336033425303
g0173,9119.007899617198,3289.9621313448934,0.3607807085552586,True,0.3689434639041544,0.19334868387989565,0.0808599246416594,0.056809331997828956,0.02245651694989109,0.11277323954851735,0.028287308135786747,0.13652153094226627
g0174,10000.0,5556.230866797004,0.5556230866797004,True,0.4000426161454589,0.15969961889003745,0.09035007349774171,0.04635856207979951,0.05032906805877086,0.13967384279750256,0.009050496726463849,0.10449572180422509
g0175,9894.771481808033,3459.761744111045,0.3496555479297291,True,0.3449724318122512,0.2042457979101159,0.09015269454550091,0.07441636955891248,0.10474641617832293,0.11184729533446325,0.04027412969680164,0.029344864963631617
g0176,9615.147532275312,2192.4937977510563,0.22802497729665394,True,0.4322049073769543,0.10980143416332346,0.07297762083660299,0.17395644908462216,0.10465402210622209,0.06047345599081677,0.021893125608850275,0.02403898483260811
g0177,9929.834437883412,5108.078006180623,0.5144172380853343,True,0.34048139013086753,0.15506219253242062,0.1261949305426996,0.20045430552486754,0.006083277807413125,0.05048923524280212,0.08488427643931405,0.03635039177961535
g0178,5502.629673375907,1816.1204783136425,0.3300459209713522,True,0.3528177325066135,0.1444713448566024,0.15555775153384155,0.1935003184360559,0.00642323478616406,0.039858887609703464,0.058722126117907995,0.048648604153111175
g0185,666.2573684250925,59.97635278006384,0.0900197965867705,False,0.0,0.12312890723005206,0.44300052836109627,0.029339068000600238,0.22076269201272927,0.09029864234948405,0.0,0.0934701620460381
g0186,3371.2082362101905,1446.7447603827363,0.4291472549346648,True,0.3099571158202846,0.2741005224598427,0.06648284255838283,0.08369358104552513,0.01287855986680686,0.13872141033013272,0.03836592350947314,0.07580004440955211
g0187,4548.6053990227265,1070.2605864354398,0.23529422593249935,True,0.2655917642593687,0.35630739408909046,0.17922629393775724,0.05762926039133918,0.004224203094557167,0.055645181555691245,0.0,0.08137590267219598
g0188,3064.1310284123533,528.2460841931891,0.1723967021302265,True,0.3947327488002705,0.32398402321648184,0.09118323641459494,0.05883611156417548,0.0,0.06765933608923567,0.05451062770672792,0.009093916208513868
g0189,1718.823797404658,635.0503980391537,0.36946800422361475,True,0.3766492199552799,0.13555929202589728,0.17697846170114553,0.1581447487523364,0.0,0.10620825823740096,0.04646001932793993,0.0
